Valor_Aluguel,Valor_Condominio,Metragem,N_Quartos,N_banheiros,N_Suites,N_Vagas,Valor_Aluguel_tratado,Valor_Aluguel_was_clipped,Valor_Condominio_tratado,Valor_Condominio_was_clipped,Metragem_tratado,Metragem_was_clipped,N_Quartos_tratado,N_Quartos_was_clipped,N_Vagas_tratado,N_Vagas_was_clipped,N_banheiros_tratado,N_banheiros_was_clipped,N_Suites_tratado,N_Suites_was_clipped
7203.0,7203.0,7203.0,7203.0,7203.0,7203.0,7203.0,7203.0,False,5525.25,True,648.7365567203908,True,9.25,True,7.923776194733072,True,6.304872969596002,True,3.5784105618503976,True
2966.5961404970153,811.5381091211995,88.50617798139665,2.300152714146883,2.095932250451201,1.0166597251145355,1.441760377620436,2966.5961404970153,False,811.5381091211995,False,88.50617798139665,False,2.300152714146883,False,1.441760377620436,False,2.095932250451201,False,1.0166597251145355,False
2948.7203849569173,796.564845932337,61.567505137430395,0.8266148545405384,0.9838116805520477,0.8742037939716176,0.8699301473784753,2948.7203849569173,False,796.564845932337,False,61.567505137430395,False,0.8266148545405384,False,0.8699301473784753,False,0.9838116805520477,False,0.8742037939716176,False
480.0,0.0,30.0,1.0,1.0,0.0,0.0,480.0,False,0.0,False,30.0,False,1.0,False,0.0,False,1.0,False,0.0,False
1350.0,395.0,52.0,2.0,2.0,1.0,1.0,1350.0,False,395.0,False,52.0,False,2.0,False,1.0,False,2.0,False,1.0,False
2000.0,592.0,67.0,2.0,2.0,1.0,1.0,2000.0,False,592.0,False,67.0,False,2.0,False,1.0,False,2.0,False,1.0,False
3200.0,980.0,100.0,3.0,2.0,1.0,2.0,3200.0,False,980.0,False,100.0,False,3.0,False,2.0,False,2.0,False,1.0,False
25000.0,9500.0,880.0,10.0,8.0,5.0,9.0,7745.625,True,5525.25,True,648.7365567203908,True,9.25,True,7.923776194733072,True,6.304872969596002,True,3.5784105618503976,True
